{"main":"american-flights-api.raml","name":"American Flights API","organizationId":"5e153daf-1969-435f-a789-aed2118fe940","groupId":"5e153daf-1969-435f-a789-aed2118fe940","assetId":"american-flights-api","version":"1.0.1","metadata":{"branchId":"master","commitId":"da8677f8af82d4539565ed742324ee725f4fd063","projectId":"fbdc82d0-deab-4b88-96d6-972ae1b7dbae"},"apiVersion":"v1","classifier":"raml","dependencies":[{"assetId":"training-american-flight-data-type","groupId":"68ef9520-24e9-4cf2-b2f5-620025690913","version":"1.0.1"},{"assetId":"training-american-flights-example","groupId":"68ef9520-24e9-4cf2-b2f5-620025690913","version":"1.0.1"}],"tags":[],"originalFormatVersion":"1.0"}